dmmName;chosenRop3;chosenName;candidate1;candidate2;candidate3
Adjaraye Kenga;;;Adere [100060] (0.11);Fang, Benjube Fenga [115095] (0.10);Bonkeng [115054] (0.10)
Akom;;Akum [100198] (0.25);Nkom [107357] (0.25);Akum [100198] (0.25);Nkom [-] (0.25)
Arabs;;;Arab, Turku [110311] (0.31);Baggara, Shuwa Arab [108972] (0.14);Abo [100022] (0.11)
Bafut;;;Bafumen [100733] (0.40);Bafumen [100733] (0.40);Bafaw [100730] (0.33)
Bamonga;;;Batanga [101130] (0.33);Bamum [-] (0.27);Bamali [100919] (0.25)
Wedikom;;;Weh [110738] (0.20);Wom [110859] (0.20);Weh [110738] (0.20)
Dii/Mboum and Baya;;;Dii [102609] (0.21);Dii [-] (0.21);Gbaya-Mum [103273] (0.16)
Fulani;;Bororo Fulani [-] (0.43);Fulani, Adamawa [103079] (0.47);Fulani, Nigerian [101622] (0.44);Bororo Fulani [-] (0.43)
Gor;;;Gude [103520] (0.13);Gewe [103311] (0.13);Gude [103520] (0.13)
Guiziga;;Giziga, North [107402] (0.31);Giziga, North [107402] (0.31);Giziga, South [109445] (0.31);Gude [103520] (0.18)
Kanuri;;Kanuri, Yerwa [104605] (0.54);Kanuri, Yerwa [104605] (0.54);Yerwa Kanuri [104605] (0.43);Kari [104664] (0.33)
Kwandja;;Kwaja [105510] (0.40);Kwaja [105510] (0.40);Kwaja [105510] (0.40);Kwa [-] (0.33)
Toupouri;;Tupuri [110241] (0.23);Tupuri [110241] (0.23);Tuburi [-] (0.23);Kanuri, Yerwa [104605] (0.10)
Massa;;Masa [106369] (0.57);Masa [106369] (0.57);Masa [-] (0.57);Bassa [-] (0.33)
Mboum;;Mbum [106494] (0.38);Mbo [114979] (0.43);Mbo [-] (0.43);Mbum [106494] (0.38)
Mofou;;Mofu, North [106702] (0.21);Mono [115334] (0.22);Mono [115334] (0.22);Mofu, North [106702] (0.21)
Moudang;;Mundang [106897] (0.33);Mundang [106897] (0.33);Mundang [-] (0.33);Muyang [106976] (0.25)
Moura;;;Mono [115334] (0.22);Mono [115334] (0.22);Majera [106073] (0.18)
Mouyang;;Muyang [106976] (0.50);Muyang [106976] (0.50);Muyang [106976] (0.50);Nyang [107539] (0.27)
Mufu;;Mofu, North [106702] (0.21);Mum [106889] (0.29);Musei [100945] (0.22);Mubako [106850] (0.20)
Mun;;;Mum [106889] (0.33);Mundang [106897] (0.33);Mundani [106898] (0.33)
Nanga/Bibe;;;Biba-Befang [101413] (0.21);Biba-Befang [-] (0.21);Batanga [101130] (0.19)
Ndop;;Ndop-Bamunka [107171] (0.38);Ndop-Bamunka [107171] (0.38);Ndop-Bamunka [107171] (0.38);Ndola [107172] (0.38)
Njong;;;Njeng [107574] (0.33);Mijong [106626] (0.30);Mijong [106626] (0.30)
Pere;;Peere [105272] (0.57);Peere [105272] (0.57);Mere [106558] (0.25);Peve [107999] (0.25)
Ruto;;;Akweto [100203] (0.09);Nsari, Akweto [100203] (0.06);Ngwe, Bamileke-Foto [107300] (0.04)
Sara;;Sara Mbai [108710] (0.50);Sara Mbai [108710] (0.50);Sara Mbai [108710] (0.50);Sari [108727] (0.43)
Pidgin;;;Pinyin [108047] (0.27);Pinyin [108047] (0.27);Pol [108092] (0.10)
Wainamah;;;Wawa [110727] (0.17);Wawa [110727] (0.17);Weh [110738] (0.08)
Zoulgo;;Zulgo [-] (0.44);Zulgo [-] (0.44);Zulgo-Gemzek [111192] (0.25);Ngo [107273] (0.10)
Demzek;;Zulgo-Gemzek [111192] (0.25);Dek [102501] (0.38);Dek [102501] (0.38);Zulgo-Gemzek [111192] (0.25)
Guemzek;;Zulgo-Gemzek [111192] (0.24);Zulgo-Gemzek [111192] (0.24);Gude [103520] (0.18);Gude [103520] (0.18)
Guka;;;Gude [103520] (0.25);Gude [103520] (0.25);Guduf [103526] (0.22)
Guzanga;;;Batanga [101130] (0.23);Gude [103520] (0.18);Gude [103520] (0.18)
Gum;;;Gude [103520] (0.29);Gude [103520] (0.29);Guduf [103526] (0.25)
