name,latitude,longitude,villageName,population,numberOfChurches,churchGeneration,dbs,com,cat,reportPeriod,engagementStatus,region,country,language,religion,description
Adjaraye Kenga,5.62814,12.63528,,,0,,0,0,0,2Q26,unreached,Francophone Central Africa,Cameroon,,,"NG engagement 2Q26 | DBS=, COM=, CAT=, Churches=0, Gen= | CENTROID placeholder (approx — coordinate is the country centroid, MUST be refined to the real people-group location)"
Akom,5.887687,10.156404,Akum,,0,,0,0,0,2Q26,unreached,Francophone Central Africa,Cameroon,Kako,Christianity,"NG engagement 2Q26 | DBS=, COM=, CAT=, Churches=0, Gen= | JP match: Kako (REVIEW_JP, JPScale=5, LeastReached=N, %Evang=13.000)"
Arabs,5.64482,12.87989,,,0,1,1,0,0,2Q26,unreached,Francophone Central Africa,Cameroon,,,"NG engagement 2Q26 | DBS=1, COM=0, CAT=0, Churches=0, Gen=1 | CENTROID placeholder (approx — coordinate is the country centroid, MUST be refined to the real people-group location)"
Bafut,6.0907165,10.1139543,Bafut,,0,,0,0,0,2Q26,unreached,Francophone Central Africa,Cameroon,Bafut,Christianity,"NG engagement 2Q26 | DBS=, COM=, CAT=, Churches=0, Gen= | JP match: Fut, Bafut (REVIEW_JP, JPScale=4, LeastReached=N, %Evang=6.000)"
Bamonga,8.42629,15.11618,,,0,,0,0,0,2Q26,unreached,Francophone Central Africa,Cameroon,Ngambay,Christianity,"NG engagement 2Q26 | DBS=, COM=, CAT=, Churches=0, Gen= | JP match: Ngambay (REVIEW_JP, JPScale=4, LeastReached=N, %Evang=7.000)"
Bana,7.57024,15.41874,,,20,4,27,5,15,2Q26,pioneer,Francophone Central Africa,Cameroon,Pana (Central African Republic),Christianity,"NG engagement 2Q26 | DBS=27, COM=5, CAT=15, Churches=20, Gen=4 | JP match: Pana (REVIEW_JP, JPScale=4, LeastReached=N, %Evang=10.000)"
Bana Guili,7.55149,15.41823,,,13,6,25,8,5,2Q26,pioneer,Francophone Central Africa,Cameroon,Pana (Central African Republic),Christianity,"NG engagement 2Q26 | DBS=25, COM=8, CAT=5, Churches=13, Gen=6 | JP match: Pana (REVIEW_JP, JPScale=4, LeastReached=N, %Evang=10.000)"
Bana Waza,7.55304,15.41142,,,4,6,4,1,3,2Q26,pioneer,Francophone Central Africa,Cameroon,Pana (Central African Republic),Christianity,"NG engagement 2Q26 | DBS=4, COM=1, CAT=3, Churches=4, Gen=6 | JP match: Pana (REVIEW_JP, JPScale=4, LeastReached=N, %Evang=10.000)"
Bangolang,6.14923,10.415282,Bangolang,,0,,0,0,0,2Q26,unreached,Francophone Central Africa,Cameroon,Mendenkye,Islam,"NG engagement 2Q26 | DBS=, COM=, CAT=, Churches=0, Gen= | JP match: Bangolan (AUTO_JP, JPScale=2, LeastReached=N, %Evang=2.000)"
Batibo,5.8382171,9.8887873,Batibo,,2,2,2,1,1,2Q26,pioneer,Francophone Central Africa,Cameroon,,,"NG engagement 2Q26 | DBS=2, COM=1, CAT=1, Churches=2, Gen=2 | CENTROID placeholder (approx — coordinate is the country centroid, MUST be refined to the real people-group location)"
Deaf,3.89805,11.52868,,,1,1,0,1,0,2Q26,pioneer,Francophone Central Africa,Cameroon,Language unknown,Unknown,"NG engagement 2Q26 | DBS=0, COM=1, CAT=0, Churches=1, Gen=1 | JP match: Deaf (AUTO_JP, JPScale=1, LeastReached=Y, %Evang=0.000)"
Dii,8.00336,14.01575,,,5,2,3,3,2,2Q26,pioneer,Francophone Central Africa,Cameroon,Dii,Christianity,"NG engagement 2Q26 | DBS=3, COM=3, CAT=2, Churches=5, Gen=2 | JP match: Dii, Yag Dii (AUTO_JP, JPScale=2, LeastReached=N, %Evang=1.300)"
Dii/Mboum and Baya,5.82935,12.77099,,,0,,0,0,0,2Q26,unreached,Francophone Central Africa,Cameroon,,,"NG engagement 2Q26 | DBS=, COM=, CAT=, Churches=0, Gen= | CENTROID placeholder (approx — coordinate is the country centroid, MUST be refined to the real people-group location)"
Fang,3.23159,11.69625,,,0,,0,0,0,2Q26,unreached,Francophone Central Africa,Cameroon,Bulu (Cameroon),Christianity,"NG engagement 2Q26 | DBS=, COM=, CAT=, Churches=0, Gen= | JP match: Bulu Fang (REVIEW_JP, JPScale=5, LeastReached=N, %Evang=10.748)"
Fulani Maroua,10.65733,14.41015,,,8,2,4,6,2,2Q26,pioneer,Francophone Central Africa,Cameroon,"Fulfulde, Adamawa",Islam,"NG engagement 2Q26 | DBS=4, COM=6, CAT=2, Churches=8, Gen=2 | JP match: Fulani, Adamawa (REVIEW_JP, JPScale=1, LeastReached=Y, %Evang=0.050)"
Gbaya,6.13273,13.94242,,,4,2,2,1,3,2Q26,pioneer,Francophone Central Africa,Cameroon,"Gbaya, Northwest",Christianity,"NG engagement 2Q26 | DBS=2, COM=1, CAT=3, Churches=4, Gen=2 | JP match: Gbaya-Mum (REVIEW_JP, JPScale=4, LeastReached=N, %Evang=4.000)"
Gor,5.77740,12.61383,,,0,,0,0,0,2Q26,unreached,Francophone Central Africa,Cameroon,,,"NG engagement 2Q26 | DBS=, COM=, CAT=, Churches=0, Gen= | CENTROID placeholder (approx — coordinate is the country centroid, MUST be refined to the real people-group location)"
Guiziga,10.4014393,14.4425653,Mindif,,11,2,21,6,5,2Q26,pioneer,Francophone Central Africa,Cameroon,,,"NG engagement 2Q26 | DBS=21, COM=6, CAT=5, Churches=11, Gen=2 | CENTROID placeholder (approx — coordinate is the country centroid, MUST be refined to the real people-group location)"
Kanuri Mora,5.83845,12.78302,,,3,,3,3,0,2Q26,pioneer,Francophone Central Africa,Cameroon,,,"NG engagement 2Q26 | DBS=3, COM=3, CAT=0, Churches=3, Gen= | CENTROID placeholder (approx — coordinate is the country centroid, MUST be refined to the real people-group location)"
Kapsiki,10.58590,13.67240,,,3,3,2,2,1,2Q26,pioneer,Francophone Central Africa,Cameroon,Psikye,Islam,"NG engagement 2Q26 | DBS=2, COM=2, CAT=1, Churches=3, Gen=3 | JP match: Kapsiki, Psikye (AUTO_JP, JPScale=4, LeastReached=N, %Evang=5.000)"
Kapsiki Amsa,10.57848,13.68524,,,3,3,14,1,2,2Q26,pioneer,Francophone Central Africa,Cameroon,Psikye,Islam,"NG engagement 2Q26 | DBS=14, COM=1, CAT=2, Churches=3, Gen=3 | JP match: Kapsiki, Psikye (REVIEW_JP, JPScale=4, LeastReached=N, %Evang=5.000)"
Kotoko,12.0831175,15.0191262,Kousseri,,1,2,2,1,0,2Q26,pioneer,Francophone Central Africa,Cameroon,Mser,Islam,"NG engagement 2Q26 | DBS=2, COM=1, CAT=0, Churches=1, Gen=2 | JP match: Kotoko, Mser (REVIEW_JP, JPScale=4, LeastReached=N, %Evang=5.000)"
Kwandja,7.05067,14.435865,Belel,,4,2,7,3,1,2Q26,pioneer,Francophone Central Africa,Cameroon,Kwaja,Christianity,"NG engagement 2Q26 | DBS=7, COM=3, CAT=1, Churches=4, Gen=2 | JP match: Kwaja (REVIEW_JP, JPScale=3, LeastReached=N, %Evang=2.000)"
Lagdo,5.68689,12.76246,,,0,,0,0,0,2Q26,unreached,Francophone Central Africa,Cameroon,,,"NG engagement 2Q26 | DBS=, COM=, CAT=, Churches=0, Gen= | CENTROID placeholder (approx — coordinate is the country centroid, MUST be refined to the real people-group location)"
Mada/Aissa-Harde,5.72238,12.71802,,,9,2,5,8,1,2Q26,pioneer,Francophone Central Africa,Cameroon,,,"NG engagement 2Q26 | DBS=5, COM=8, CAT=1, Churches=9, Gen=2 | CENTROID placeholder (approx — coordinate is the country centroid, MUST be refined to the real people-group location)"
Mafa,10.34142,13.54974,Guili,,27,2,21,21,6,2Q26,pioneer,Francophone Central Africa,Cameroon,Mafa,Islam,"NG engagement 2Q26 | DBS=21, COM=21, CAT=6, Churches=27, Gen=2 | JP match: Mafa (AUTO_JP, JPScale=2, LeastReached=N, %Evang=2.000)"
Mandara Mora,11.11089,14.08090,,,3,2,1,3,0,2Q26,pioneer,Francophone Central Africa,Cameroon,Wandala,Islam,"NG engagement 2Q26 | DBS=1, COM=3, CAT=0, Churches=3, Gen=2 | JP match: Mandara, Wandala (REVIEW_JP, JPScale=1, LeastReached=Y, %Evang=0.000)"
Massa,10.19547,15.25487,,,15,2,32,6,9,2Q26,pioneer,Francophone Central Africa,Cameroon,Masana,Islam,"NG engagement 2Q26 | DBS=32, COM=6, CAT=9, Churches=15, Gen=2 | JP match: Masa (AUTO_JP, JPScale=5, LeastReached=N, %Evang=15.000)"
Matal,7.86022,13.59145,Mbe,,1,2,1,1,0,2Q26,pioneer,Francophone Central Africa,Cameroon,Matal,Christianity,"NG engagement 2Q26 | DBS=1, COM=1, CAT=0, Churches=1, Gen=2 | JP match: Matal, Muktile (AUTO_JP, JPScale=4, LeastReached=N, %Evang=8.000)"
Mbororo (Fulani),7.86022,13.59145,Mbe,,3,2,2,1,2,2Q26,pioneer,Francophone Central Africa,Cameroon,,,"NG engagement 2Q26 | DBS=2, COM=1, CAT=2, Churches=3, Gen=2 | CENTROID placeholder (approx — coordinate is the country centroid, MUST be refined to the real people-group location)"
Mboum,5.12587,9.94268,,,32,2,23,22,10,2Q26,pioneer,Francophone Central Africa,Cameroon,Mbo (Cameroon),Christianity,"NG engagement 2Q26 | DBS=23, COM=22, CAT=10, Churches=32, Gen=2 | JP match: Mbo (REVIEW_JP, JPScale=4, LeastReached=N, %Evang=6.000)"
Menka,5.9884021,9.7158567,Menka,,0,,0,0,0,2Q26,unreached,Francophone Central Africa,Cameroon,Menka,Christianity,"NG engagement 2Q26 | DBS=, COM=, CAT=, Churches=0, Gen= | JP match: Menka (AUTO_JP, JPScale=4, LeastReached=N, %Evang=2.500)"
Mofou,5.72650,12.72215,,,0,,0,0,0,2Q26,unreached,Francophone Central Africa,Cameroon,,,"NG engagement 2Q26 | DBS=, COM=, CAT=, Churches=0, Gen= | CENTROID placeholder (approx — coordinate is the country centroid, MUST be refined to the real people-group location)"
Moudang,5.64620,12.74831,,,16,2,34,10,6,2Q26,pioneer,Francophone Central Africa,Cameroon,,,"NG engagement 2Q26 | DBS=34, COM=10, CAT=6, Churches=16, Gen=2 | CENTROID placeholder (approx — coordinate is the country centroid, MUST be refined to the real people-group location)"
Moura,11.0484452,14.1342835,Mora,,4,2,5,3,1,2Q26,pioneer,Francophone Central Africa,Cameroon,,,"NG engagement 2Q26 | DBS=5, COM=3, CAT=1, Churches=4, Gen=2 | CENTROID placeholder (approx — coordinate is the country centroid, MUST be refined to the real people-group location)"
Mouyang,10.86079,14.21112,,,3,2,6,3,0,2Q26,pioneer,Francophone Central Africa,Cameroon,Muyang,Islam,"NG engagement 2Q26 | DBS=6, COM=3, CAT=0, Churches=3, Gen=2 | JP match: Muyang, Myau (REVIEW_JP, JPScale=2, LeastReached=N, %Evang=0.400)"
Mufu,5.54151,12.66352,,,8,2,11,5,3,2Q26,pioneer,Francophone Central Africa,Cameroon,,,"NG engagement 2Q26 | DBS=11, COM=5, CAT=3, Churches=8, Gen=2 | CENTROID placeholder (approx — coordinate is the country centroid, MUST be refined to the real people-group location)"
Mun,5.67526,12.80218,,,5,2,12,4,1,2Q26,pioneer,Francophone Central Africa,Cameroon,,,"NG engagement 2Q26 | DBS=12, COM=4, CAT=1, Churches=5, Gen=2 | CENTROID placeholder (approx — coordinate is the country centroid, MUST be refined to the real people-group location)"
Musgum,10.80200,14.89536,,,5,2,16,3,2,2Q26,pioneer,Francophone Central Africa,Cameroon,Musgu,Islam,"NG engagement 2Q26 | DBS=16, COM=3, CAT=2, Churches=5, Gen=2 | JP match: Musgum, Mulwi (REVIEW_JP, JPScale=2, LeastReached=N, %Evang=2.000)"
Nanga/Bibe,4.6665934,12.3730806,Nanga,,0,,0,0,0,2Q26,unreached,Francophone Central Africa,Cameroon,,,"NG engagement 2Q26 | DBS=, COM=, CAT=, Churches=0, Gen= | CENTROID placeholder (approx — coordinate is the country centroid, MUST be refined to the real people-group location)"
Ndop,5.989248,10.436179,Ndop,,7,1,7,2,5,2Q26,pioneer,Francophone Central Africa,Cameroon,,,"NG engagement 2Q26 | DBS=7, COM=2, CAT=5, Churches=7, Gen=1 | CENTROID placeholder (approx — coordinate is the country centroid, MUST be refined to the real people-group location)"
Ngambai,8.44017,15.12435,,,6,2,8,3,3,2Q26,pioneer,Francophone Central Africa,Cameroon,Ngambay,Christianity,"NG engagement 2Q26 | DBS=8, COM=3, CAT=3, Churches=6, Gen=2 | JP match: Ngambay (REVIEW_JP, JPScale=4, LeastReached=N, %Evang=7.000)"
Njong,5.4436861,10.3293595,Njong,,0,,0,0,0,2Q26,unreached,Francophone Central Africa,Cameroon,Mungbam,Christianity,"NG engagement 2Q26 | DBS=, COM=, CAT=, Churches=0, Gen= | JP match: Mijong, Missong (REVIEW_JP, JPScale=4, LeastReached=N, %Evang=5.000)"
Pere,7.50987,12.37072,,,2,2,2,2,0,2Q26,pioneer,Francophone Central Africa,Cameroon,Pere,Christianity,"NG engagement 2Q26 | DBS=2, COM=2, CAT=0, Churches=2, Gen=2 | JP match: Peere (AUTO_JP, JPScale=4, LeastReached=N, %Evang=9.000)"
Peuls,7.3211536,13.5878214,Ngaoundere,,2,1,1,2,0,2Q26,pioneer,Francophone Central Africa,Cameroon,,,"NG engagement 2Q26 | DBS=1, COM=2, CAT=0, Churches=2, Gen=1 | CENTROID placeholder (approx — coordinate is the country centroid, MUST be refined to the real people-group location)"
Pygmy,2.12133,14.73379,,,0,,0,0,0,2Q26,unreached,Francophone Central Africa,Cameroon,Baka (Cameroon),Ethnic Religions,"NG engagement 2Q26 | DBS=, COM=, CAT=, Churches=0, Gen= | JP match: Pygmy, Baka (AUTO_JP, JPScale=2, LeastReached=N, %Evang=1.100)"
Pygmy Bang,2.13345,14.72416,,,8,6,7,1,7,2Q26,pioneer,Francophone Central Africa,Cameroon,Baka (Cameroon),Ethnic Religions,"NG engagement 2Q26 | DBS=7, COM=1, CAT=7, Churches=8, Gen=6 | JP match: Pygmy, Baka (REVIEW_JP, JPScale=2, LeastReached=N, %Evang=1.100)"
Pygmy Bertoua,2.13163,14.71561,,,5,8,7,0,5,2Q26,pioneer,Francophone Central Africa,Cameroon,Baka (Cameroon),Ethnic Religions,"NG engagement 2Q26 | DBS=7, COM=0, CAT=5, Churches=5, Gen=8 | JP match: Pygmy, Baka (REVIEW_JP, JPScale=2, LeastReached=N, %Evang=1.100)"
Pygmy Diako,2.12816,14.72690,,,7,9,10,0,7,2Q26,pioneer,Francophone Central Africa,Cameroon,Baka (Cameroon),Ethnic Religions,"NG engagement 2Q26 | DBS=10, COM=0, CAT=7, Churches=7, Gen=9 | JP match: Pygmy, Baka (REVIEW_JP, JPScale=2, LeastReached=N, %Evang=1.100)"
Pygmy Mabele,2.11234,14.72972,,,9,9,9,2,7,2Q26,pioneer,Francophone Central Africa,Cameroon,Baka (Cameroon),Ethnic Religions,"NG engagement 2Q26 | DBS=9, COM=2, CAT=7, Churches=9, Gen=9 | JP match: Pygmy, Baka (REVIEW_JP, JPScale=2, LeastReached=N, %Evang=1.100)"
Pygmy Mouloundou,2.13785,14.74545,,,4,9,11,0,4,2Q26,pioneer,Francophone Central Africa,Cameroon,Baka (Cameroon),Ethnic Religions,"NG engagement 2Q26 | DBS=11, COM=0, CAT=4, Churches=4, Gen=9 | JP match: Pygmy, Baka (REVIEW_JP, JPScale=2, LeastReached=N, %Evang=1.100)"
Pygmy Ndelele,2.12937,14.75217,,,0,,0,0,0,2Q26,unreached,Francophone Central Africa,Cameroon,Baka (Cameroon),Ethnic Religions,"NG engagement 2Q26 | DBS=, COM=, CAT=, Churches=0, Gen= | JP match: Pygmy, Baka (REVIEW_JP, JPScale=2, LeastReached=N, %Evang=1.100)"
Pygmy Salaboumbð,2.13429,14.74167,,,0,,0,0,0,2Q26,unreached,Francophone Central Africa,Cameroon,Baka (Cameroon),Ethnic Religions,"NG engagement 2Q26 | DBS=, COM=, CAT=, Churches=0, Gen= | JP match: Pygmy, Baka (REVIEW_JP, JPScale=2, LeastReached=N, %Evang=1.100)"
Pygmy Salaboumbe,2.13814,14.72094,,,9,9,7,0,9,2Q26,pioneer,Francophone Central Africa,Cameroon,Baka (Cameroon),Ethnic Religions,"NG engagement 2Q26 | DBS=7, COM=0, CAT=9, Churches=9, Gen=9 | JP match: Pygmy, Baka (REVIEW_JP, JPScale=2, LeastReached=N, %Evang=1.100)"
Pygmy Yokadouma,2.13307,14.71579,,,8,6,9,2,6,2Q26,pioneer,Francophone Central Africa,Cameroon,Baka (Cameroon),Ethnic Religions,"NG engagement 2Q26 | DBS=9, COM=2, CAT=6, Churches=8, Gen=6 | JP match: Pygmy, Baka (REVIEW_JP, JPScale=2, LeastReached=N, %Evang=1.100)"
Ruto,11.780627,15.103912,Logone-Birni,,0,,0,0,0,2Q26,unreached,Francophone Central Africa,Cameroon,,,"NG engagement 2Q26 | DBS=, COM=, CAT=, Churches=0, Gen= | CENTROID placeholder (approx — coordinate is the country centroid, MUST be refined to the real people-group location)"
Sara,11.780627,15.103912,Logone-Birni,,3,2,4,2,1,2Q26,pioneer,Francophone Central Africa,Cameroon,Mbay,Christianity,"NG engagement 2Q26 | DBS=4, COM=2, CAT=1, Churches=3, Gen=2 | JP match: Sara Mbai (REVIEW_JP, JPScale=5, LeastReached=N, %Evang=30.000)"
Street boys,5.74186,12.63940,,,0,,0,0,0,2Q26,unreached,Francophone Central Africa,Cameroon,,,"NG engagement 2Q26 | DBS=, COM=, CAT=, Churches=0, Gen= | CENTROID placeholder (approx — coordinate is the country centroid, MUST be refined to the real people-group location)"
Tchollire,5.62844,12.87551,,,0,,0,0,0,2Q26,unreached,Francophone Central Africa,Cameroon,,,"NG engagement 2Q26 | DBS=, COM=, CAT=, Churches=0, Gen= | CENTROID placeholder (approx — coordinate is the country centroid, MUST be refined to the real people-group location)"
Toupouri,5.62220,12.62620,,,6,2,5,5,1,2Q26,pioneer,Francophone Central Africa,Cameroon,,,"NG engagement 2Q26 | DBS=5, COM=5, CAT=1, Churches=6, Gen=2 | CENTROID placeholder (approx — coordinate is the country centroid, MUST be refined to the real people-group location)"
Urban Bamenda,5.79781,12.74832,,,0,,0,0,0,2Q26,unreached,Francophone Central Africa,Cameroon,,,"NG engagement 2Q26 | DBS=, COM=, CAT=, Churches=0, Gen= | CENTROID placeholder (approx — coordinate is the country centroid, MUST be refined to the real people-group location)"
Urban Youth,5.71549,12.65714,,,0,,0,0,0,2Q26,unreached,Francophone Central Africa,Cameroon,,,"NG engagement 2Q26 | DBS=, COM=, CAT=, Churches=0, Gen= | CENTROID placeholder (approx — coordinate is the country centroid, MUST be refined to the real people-group location)"
Wainamah,6.1,10.567,Wainamah,,2,1,3,2,0,2Q26,pioneer,Francophone Central Africa,Cameroon,,,"NG engagement 2Q26 | DBS=3, COM=2, CAT=0, Churches=2, Gen=1 | CENTROID placeholder (approx — coordinate is the country centroid, MUST be refined to the real people-group location)"
Wedikom,5.86348,9.76844,Widekum,,2,1,5,1,1,2Q26,pioneer,Francophone Central Africa,Cameroon,,,"NG engagement 2Q26 | DBS=5, COM=1, CAT=1, Churches=2, Gen=1 | CENTROID placeholder (approx — coordinate is the country centroid, MUST be refined to the real people-group location)"
Zoulgo,7.86022,13.59145,Mbe,,2,2,3,1,1,2Q26,pioneer,Francophone Central Africa,Cameroon,,,"NG engagement 2Q26 | DBS=3, COM=1, CAT=1, Churches=2, Gen=2 | CENTROID placeholder (approx — coordinate is the country centroid, MUST be refined to the real people-group location)"
Banda Bourouba,6.63599,20.97992,,,1,,2,1,0,2Q26,pioneer,Francophone Central Africa,Central African Republic,,,"NG engagement 2Q26 | DBS=2, COM=1, CAT=0, Churches=1, Gen= | CENTROID placeholder (approx — coordinate is the country centroid, MUST be refined to the real people-group location)"
Banda/ Bandaged,6.59719,20.80933,,,2,,3,1,1,2Q26,pioneer,Francophone Central Africa,Central African Republic,,,"NG engagement 2Q26 | DBS=3, COM=1, CAT=1, Churches=2, Gen= | CENTROID placeholder (approx — coordinate is the country centroid, MUST be refined to the real people-group location)"
Fulani,6.46500,19.66900,,,1,1,3,1,0,2Q26,pioneer,Francophone Central Africa,Central African Republic,"Fulfulde, Bagirmi",Islam,"NG engagement 2Q26 | DBS=3, COM=1, CAT=0, Churches=1, Gen=1 | JP match: Fulani, Bagirmi (AUTO_JP, JPScale=1, LeastReached=Y, %Evang=0.030)"
Fulani Boda,6.48141,19.65501,,,2,,3,1,1,2Q26,pioneer,Francophone Central Africa,Central African Republic,"Fulfulde, Bagirmi",Islam,"NG engagement 2Q26 | DBS=3, COM=1, CAT=1, Churches=2, Gen= | JP match: Fulani, Bagirmi (REVIEW_JP, JPScale=1, LeastReached=Y, %Evang=0.030)"
Gbanou,5.26611,17.38534,,,0,,0,0,0,2Q26,unreached,Francophone Central Africa,Central African Republic,Gbanu,Christianity,"NG engagement 2Q26 | DBS=, COM=, CAT=, Churches=0, Gen= | JP match: Gbanu (REVIEW_JP, JPScale=5, LeastReached=N, %Evang=44.000)"
Gbanou Bondokpo,6.60308,21.05858,,,14,,12,9,5,2Q26,pioneer,Francophone Central Africa,Central African Republic,,,"NG engagement 2Q26 | DBS=12, COM=9, CAT=5, Churches=14, Gen= | CENTROID placeholder (approx — coordinate is the country centroid, MUST be refined to the real people-group location)"
Gbanou Bossambelle,6.46755,20.87169,,,15,,14,10,5,2Q26,pioneer,Francophone Central Africa,Central African Republic,,,"NG engagement 2Q26 | DBS=14, COM=10, CAT=5, Churches=15, Gen= | CENTROID placeholder (approx — coordinate is the country centroid, MUST be refined to the real people-group location)"
Gbanou Guerengou,6.75808,20.92244,,,18,,15,13,5,2Q26,pioneer,Francophone Central Africa,Central African Republic,,,"NG engagement 2Q26 | DBS=15, COM=13, CAT=5, Churches=18, Gen= | CENTROID placeholder (approx — coordinate is the country centroid, MUST be refined to the real people-group location)"
Gbaya,5.53571,21.96816,,,23,2,18,19,4,2Q26,pioneer,Francophone Central Africa,Central African Republic,Gbayi,Christianity,"NG engagement 2Q26 | DBS=18, COM=19, CAT=4, Churches=23, Gen=2 | JP match: Gbayi (REVIEW_JP, JPScale=5, LeastReached=N, %Evang=12.000)"
Londo (village Bakota),6.65849,21.06263,,,1,,1,0,1,2Q26,pioneer,Francophone Central Africa,Central African Republic,,,"NG engagement 2Q26 | DBS=1, COM=0, CAT=1, Churches=1, Gen= | CENTROID placeholder (approx — coordinate is the country centroid, MUST be refined to the real people-group location)"
Londo (village Bomole),6.70675,20.88179,,,2,,2,1,1,2Q26,pioneer,Francophone Central Africa,Central African Republic,,,"NG engagement 2Q26 | DBS=2, COM=1, CAT=1, Churches=2, Gen= | CENTROID placeholder (approx — coordinate is the country centroid, MUST be refined to the real people-group location)"
Londo (village Moale-Bazao),6.58975,21.05331,,,2,,2,1,1,2Q26,pioneer,Francophone Central Africa,Central African Republic,,,"NG engagement 2Q26 | DBS=2, COM=1, CAT=1, Churches=2, Gen= | CENTROID placeholder (approx — coordinate is the country centroid, MUST be refined to the real people-group location)"
Maca,6.54289,20.99839,,,0,,0,0,0,2Q26,unreached,Francophone Central Africa,Central African Republic,,,"NG engagement 2Q26 | DBS=, COM=, CAT=, Churches=0, Gen= | CENTROID placeholder (approx — coordinate is the country centroid, MUST be refined to the real people-group location)"
Madja (village Dekoa),6.72779,20.79468,,,17,,27,14,3,2Q26,pioneer,Francophone Central Africa,Central African Republic,,,"NG engagement 2Q26 | DBS=27, COM=14, CAT=3, Churches=17, Gen= | CENTROID placeholder (approx — coordinate is the country centroid, MUST be refined to the real people-group location)"
Madja (village Sibut),6.50935,20.86492,,,21,,21,18,3,2Q26,pioneer,Francophone Central Africa,Central African Republic,,,"NG engagement 2Q26 | DBS=21, COM=18, CAT=3, Churches=21, Gen= | CENTROID placeholder (approx — coordinate is the country centroid, MUST be refined to the real people-group location)"
Mandja,6.36783,18.88528,,,12,,17,9,3,2Q26,pioneer,Francophone Central Africa,Central African Republic,Mandja,Christianity,"NG engagement 2Q26 | DBS=17, COM=9, CAT=3, Churches=12, Gen= | JP match: Manja (REVIEW_JP, JPScale=5, LeastReached=N, %Evang=46.000)"
Mandja Bolassa,6.38341,18.87910,,,9,,16,5,4,2Q26,pioneer,Francophone Central Africa,Central African Republic,Mandja,Christianity,"NG engagement 2Q26 | DBS=16, COM=5, CAT=4, Churches=9, Gen= | JP match: Manja (REVIEW_JP, JPScale=5, LeastReached=N, %Evang=46.000)"
Mandja Damara,6.38676,18.89807,,,22,,30,15,7,2Q26,pioneer,Francophone Central Africa,Central African Republic,Mandja,Christianity,"NG engagement 2Q26 | DBS=30, COM=15, CAT=7, Churches=22, Gen= | JP match: Manja (REVIEW_JP, JPScale=5, LeastReached=N, %Evang=46.000)"
Mandja Mandja,6.36639,18.88617,,,0,,0,0,0,2Q26,unreached,Francophone Central Africa,Central African Republic,Mandja,Christianity,"NG engagement 2Q26 | DBS=, COM=, CAT=, Churches=0, Gen= | JP match: Manja (REVIEW_JP, JPScale=5, LeastReached=N, %Evang=46.000)"
Mandja Ndeo,6.35838,18.88572,,,10,,17,6,4,2Q26,pioneer,Francophone Central Africa,Central African Republic,Mandja,Christianity,"NG engagement 2Q26 | DBS=17, COM=6, CAT=4, Churches=10, Gen= | JP match: Manja (REVIEW_JP, JPScale=5, LeastReached=N, %Evang=46.000)"
Mbimou,3.46710,15.73151,,,0,,0,0,0,2Q26,unreached,Francophone Central Africa,Central African Republic,Mpiemo,Christianity,"NG engagement 2Q26 | DBS=, COM=, CAT=, Churches=0, Gen= | JP match: Mbimu (REVIEW_JP, JPScale=5, LeastReached=N, %Evang=40.000)"
Ngbougou,6.53667,20.82395,,,0,,0,0,0,2Q26,unreached,Francophone Central Africa,Central African Republic,,,"NG engagement 2Q26 | DBS=, COM=, CAT=, Churches=0, Gen= | CENTROID placeholder (approx — coordinate is the country centroid, MUST be refined to the real people-group location)"
Nzakara,5.05210,22.64714,,,6,,13,4,2,2Q26,pioneer,Francophone Central Africa,Central African Republic,Nzakara,Christianity,"NG engagement 2Q26 | DBS=13, COM=4, CAT=2, Churches=6, Gen= | JP match: Nzakara, Sakara (AUTO_JP, JPScale=5, LeastReached=N, %Evang=26.000)"
Peuhl/Damara,6.74777,20.86142,,,2,,3,2,0,2Q26,pioneer,Francophone Central Africa,Central African Republic,,,"NG engagement 2Q26 | DBS=3, COM=2, CAT=0, Churches=2, Gen= | CENTROID placeholder (approx — coordinate is the country centroid, MUST be refined to the real people-group location)"
Pygmy,4.92467,20.05213,,,0,,0,0,0,2Q26,unreached,Francophone Central Africa,Central African Republic,Limassa,Ethnic Religions,"NG engagement 2Q26 | DBS=, COM=, CAT=, Churches=0, Gen= | JP match: Pygmy, Bamassa (AUTO_JP, JPScale=4, LeastReached=N, %Evang=6.000)"
Pygmy Baralimon,4.94461,20.04195,,,6,,6,3,3,2Q26,pioneer,Francophone Central Africa,Central African Republic,Limassa,Ethnic Religions,"NG engagement 2Q26 | DBS=6, COM=3, CAT=3, Churches=6, Gen= | JP match: Pygmy, Bamassa (REVIEW_JP, JPScale=4, LeastReached=N, %Evang=6.000)"
Pygmy Bobele,4.93509,20.05497,,,3,,3,1,2,2Q26,pioneer,Francophone Central Africa,Central African Republic,Limassa,Ethnic Religions,"NG engagement 2Q26 | DBS=3, COM=1, CAT=2, Churches=3, Gen= | JP match: Pygmy, Bamassa (REVIEW_JP, JPScale=4, LeastReached=N, %Evang=6.000)"
Pygmy Boto,4.93756,20.06580,,,4,5,4,2,2,2Q26,pioneer,Francophone Central Africa,Central African Republic,Limassa,Ethnic Religions,"NG engagement 2Q26 | DBS=4, COM=2, CAT=2, Churches=4, Gen=5 | JP match: Pygmy, Bamassa (REVIEW_JP, JPScale=4, LeastReached=N, %Evang=6.000)"
Pygmy Londo,4.91236,20.03257,,,6,,6,2,4,2Q26,pioneer,Francophone Central Africa,Central African Republic,Limassa,Ethnic Religions,"NG engagement 2Q26 | DBS=6, COM=2, CAT=4, Churches=6, Gen= | JP match: Pygmy, Bamassa (REVIEW_JP, JPScale=4, LeastReached=N, %Evang=6.000)"
Pygmy Mbaiki,4.91245,20.04979,,,4,8,3,1,3,2Q26,pioneer,Francophone Central Africa,Central African Republic,Limassa,Ethnic Religions,"NG engagement 2Q26 | DBS=3, COM=1, CAT=3, Churches=4, Gen=8 | JP match: Pygmy, Bamassa (REVIEW_JP, JPScale=4, LeastReached=N, %Evang=6.000)"
Pygmy SCAD,4.92719,20.06499,,,12,8,12,5,7,2Q26,pioneer,Francophone Central Africa,Central African Republic,Limassa,Ethnic Religions,"NG engagement 2Q26 | DBS=12, COM=5, CAT=7, Churches=12, Gen=8 | JP match: Pygmy, Bamassa (REVIEW_JP, JPScale=4, LeastReached=N, %Evang=6.000)"
Pygmy SIPLAC,4.94323,20.03996,,,8,7,8,4,4,2Q26,pioneer,Francophone Central Africa,Central African Republic,Limassa,Ethnic Religions,"NG engagement 2Q26 | DBS=8, COM=4, CAT=4, Churches=8, Gen=7 | JP match: Pygmy, Bamassa (REVIEW_JP, JPScale=4, LeastReached=N, %Evang=6.000)"
Ronga,6.61293,20.83458,,,5,,7,3,2,2Q26,pioneer,Francophone Central Africa,Central African Republic,,,"NG engagement 2Q26 | DBS=7, COM=3, CAT=2, Churches=5, Gen= | CENTROID placeholder (approx — coordinate is the country centroid, MUST be refined to the real people-group location)"
Ruto Gaskaye,6.47254,20.87668,,,10,,9,6,4,2Q26,pioneer,Francophone Central Africa,Central African Republic,,,"NG engagement 2Q26 | DBS=9, COM=6, CAT=4, Churches=10, Gen= | CENTROID placeholder (approx — coordinate is the country centroid, MUST be refined to the real people-group location)"
Ruto Kaga Bandoro,6.67989,20.84346,,,12,,11,9,3,2Q26,pioneer,Francophone Central Africa,Central African Republic,,,"NG engagement 2Q26 | DBS=11, COM=9, CAT=3, Churches=12, Gen= | CENTROID placeholder (approx — coordinate is the country centroid, MUST be refined to the real people-group location)"
Sara-Kaba,10.49681,22.08343,,,0,,0,0,0,2Q26,unreached,Francophone Central Africa,Central African Republic,Sara Kaba,Ethnic Religions,"NG engagement 2Q26 | DBS=, COM=, CAT=, Churches=0, Gen= | JP match: Sara Kaba (REVIEW_JP, JPScale=5, LeastReached=N, %Evang=19.000)"
Urban Fulani,6.46085,19.65727,,,5,,5,2,3,2Q26,pioneer,Francophone Central Africa,Central African Republic,"Fulfulde, Bagirmi",Islam,"NG engagement 2Q26 | DBS=5, COM=2, CAT=3, Churches=5, Gen= | JP match: Fulani, Bagirmi (REVIEW_JP, JPScale=1, LeastReached=Y, %Evang=0.030)"
Adjaraye Kenga,15.38814,18.62529,,,0,,0,0,0,2Q26,unreached,Francophone Central Africa,Chad,,,"NG engagement 2Q26 | DBS=, COM=, CAT=, Churches=0, Gen= | CENTROID placeholder (approx — coordinate is the country centroid, MUST be refined to the real people-group location)"
Arab Turku,11.34618,22.64744,,,0,,1,0,0,2Q26,unreached,Francophone Central Africa,Chad,"Arabic, Juba",Islam,"NG engagement 2Q26 | DBS=1, COM=0, CAT=0, Churches=0, Gen= | JP match: Arab, Turku (AUTO_JP, JPScale=1, LeastReached=Y, %Evang=0.000)"
Arabic Baraine,15.46010,18.69659,,,3,3,4,2,1,2Q26,pioneer,Francophone Central Africa,Chad,,,"NG engagement 2Q26 | DBS=4, COM=2, CAT=1, Churches=3, Gen=3 | CENTROID placeholder (approx — coordinate is the country centroid, MUST be refined to the real people-group location)"
Bilala,12.85483,17.55728,,,0,,0,0,0,2Q26,unreached,Francophone Central Africa,Chad,Naba,Islam,"NG engagement 2Q26 | DBS=, COM=, CAT=, Churches=0, Gen= | JP match: Bilala (AUTO_JP, JPScale=1, LeastReached=Y, %Evang=0.000)"
Dadjo,15.35773,18.78409,,,7,4,7,6,1,2Q26,pioneer,Francophone Central Africa,Chad,,,"NG engagement 2Q26 | DBS=7, COM=6, CAT=1, Churches=7, Gen=4 | CENTROID placeholder (approx — coordinate is the country centroid, MUST be refined to the real people-group location)"
Fulani,9.91001,14.46236,,,1,,59,1,0,2Q26,pioneer,Francophone Central Africa,Chad,"Fulfulde, Adamawa",Islam,"NG engagement 2Q26 | DBS=59, COM=1, CAT=0, Churches=1, Gen= | JP match: Fulani, Adamawa (AUTO_JP, JPScale=1, LeastReached=Y, %Evang=0.070)"
Fur,11.41937,22.56625,,,2,4,1,2,0,2Q26,pioneer,Francophone Central Africa,Chad,Fur,Islam,"NG engagement 2Q26 | DBS=1, COM=2, CAT=0, Churches=2, Gen=4 | JP match: Fur (AUTO_JP, JPScale=1, LeastReached=Y, %Evang=0.040)"
Gor,8.04220,17.12181,,,0,,0,0,0,2Q26,unreached,Francophone Central Africa,Chad,Gor,Christianity,"NG engagement 2Q26 | DBS=, COM=, CAT=, Churches=0, Gen= | JP match: Gor (AUTO_JP, JPScale=4, LeastReached=N, %Evang=10.000)"
Kotoko,11.95337,15.11752,,,0,,0,0,0,2Q26,unreached,Francophone Central Africa,Chad,Mser,Islam,"NG engagement 2Q26 | DBS=, COM=, CAT=, Churches=0, Gen= | JP match: Kotoko, Mser (REVIEW_JP, JPScale=1, LeastReached=Y, %Evang=0.100)"
Maba,13.68809,20.87089,,,0,,0,0,0,2Q26,unreached,Francophone Central Africa,Chad,Maba (Chad),Islam,"NG engagement 2Q26 | DBS=, COM=, CAT=, Churches=0, Gen= | JP match: Maba, Mabangi (AUTO_JP, JPScale=1, LeastReached=Y, %Evang=0.009)"
Mango,8.82561,16.91916,,,0,,0,0,0,2Q26,unreached,Francophone Central Africa,Chad,Mango,Christianity,"NG engagement 2Q26 | DBS=, COM=, CAT=, Churches=0, Gen= | JP match: Mango (AUTO_JP, JPScale=5, LeastReached=N, %Evang=20.000)"
Massa,10.37016,15.70250,,,0,,18,0,0,2Q26,unreached,Francophone Central Africa,Chad,Masana,Christianity,"NG engagement 2Q26 | DBS=18, COM=0, CAT=0, Churches=0, Gen= | JP match: Masa (AUTO_JP, JPScale=5, LeastReached=N, %Evang=25.000)"
Massalit,13.30588,21.89010,,,3,4,2,3,0,2Q26,pioneer,Francophone Central Africa,Chad,Masalit,Islam,"NG engagement 2Q26 | DBS=2, COM=3, CAT=0, Churches=3, Gen=4 | JP match: Masalit (AUTO_JP, JPScale=1, LeastReached=Y, %Evang=0.006)"
Mouro,11.76420,21.31320,,,2,3,2,2,0,2Q26,pioneer,Francophone Central Africa,Chad,,,"NG engagement 2Q26 | DBS=2, COM=2, CAT=0, Churches=2, Gen=3 | CPPI match: Mourro (CPPI fuzzy 0.89) — coords from CPPI"
Mousgoum,15.53382,18.77111,,,0,,20,0,0,2Q26,unreached,Francophone Central Africa,Chad,,,"NG engagement 2Q26 | DBS=20, COM=0, CAT=0, Churches=0, Gen= | CENTROID placeholder (approx — coordinate is the country centroid, MUST be refined to the real people-group location)"
Mubi,12.70213,19.58251,,,0,,2,0,0,2Q26,unreached,Francophone Central Africa,Chad,Mubi,Islam,"NG engagement 2Q26 | DBS=2, COM=0, CAT=0, Churches=0, Gen= | JP match: Mubi (AUTO_JP, JPScale=1, LeastReached=Y, %Evang=0.000)"
Ngama,8.45401,18.45706,,,0,,0,0,0,2Q26,unreached,Francophone Central Africa,Chad,Ngam,Christianity,"NG engagement 2Q26 | DBS=, COM=, CAT=, Churches=0, Gen= | JP match: Ngam (AUTO_JP, JPScale=5, LeastReached=N, %Evang=21.000)"
Nomad,15.55945,18.74802,,,12,,4,5,7,2Q26,pioneer,Francophone Central Africa,Chad,,,"NG engagement 2Q26 | DBS=4, COM=5, CAT=7, Churches=12, Gen= | CENTROID placeholder (approx — coordinate is the country centroid, MUST be refined to the real people-group location)"
Ruto Gururu,15.39886,18.69029,,,0,,0,0,0,2Q26,unreached,Francophone Central Africa,Chad,,,"NG engagement 2Q26 | DBS=, COM=, CAT=, Churches=0, Gen= | CENTROID placeholder (approx — coordinate is the country centroid, MUST be refined to the real people-group location)"
Ruto Kukurundja,15.32177,18.84741,,,0,,0,0,0,2Q26,unreached,Francophone Central Africa,Chad,,,"NG engagement 2Q26 | DBS=, COM=, CAT=, Churches=0, Gen= | CENTROID placeholder (approx — coordinate is the country centroid, MUST be refined to the real people-group location)"
Ruto Sido,15.42406,18.64721,,,0,,0,0,0,2Q26,unreached,Francophone Central Africa,Chad,,,"NG engagement 2Q26 | DBS=, COM=, CAT=, Churches=0, Gen= | CENTROID placeholder (approx — coordinate is the country centroid, MUST be refined to the real people-group location)"
Sara,8.21933,17.65686,,,0,,0,0,0,2Q26,unreached,Francophone Central Africa,Chad,Mbay,Christianity,"NG engagement 2Q26 | DBS=, COM=, CAT=, Churches=0, Gen= | JP match: Sara Mbai (REVIEW_JP, JPScale=4, LeastReached=N, %Evang=9.000)"
Sara-Ngambai,8.23605,17.65150,,,0,,0,0,0,2Q26,unreached,Francophone Central Africa,Chad,Mbay,Christianity,"NG engagement 2Q26 | DBS=, COM=, CAT=, Churches=0, Gen= | JP match: Sara Mbai (REVIEW_JP, JPScale=4, LeastReached=N, %Evang=9.000)"
Tama,14.33195,21.99515,,,0,,0,0,0,2Q26,unreached,Francophone Central Africa,Chad,Tama (Chad),Islam,"NG engagement 2Q26 | DBS=, COM=, CAT=, Churches=0, Gen= | JP match: Tama (AUTO_JP, JPScale=1, LeastReached=Y, %Evang=0.000)"
Teda,20.53525,17.67243,,,0,,0,0,0,2Q26,unreached,Francophone Central Africa,Chad,Tedaga,Islam,"NG engagement 2Q26 | DBS=, COM=, CAT=, Churches=0, Gen= | JP match: Tubu, Teda (REVIEW_JP, JPScale=1, LeastReached=Y, %Evang=0.000)"
Urban,15.35884,18.71577,,,8,,4,3,5,2Q26,pioneer,Francophone Central Africa,Chad,,,"NG engagement 2Q26 | DBS=4, COM=3, CAT=5, Churches=8, Gen= | CENTROID placeholder (approx — coordinate is the country centroid, MUST be refined to the real people-group location)"
Women's Ministry,15.52365,18.80082,,,0,,0,0,0,2Q26,unreached,Francophone Central Africa,Chad,,,"NG engagement 2Q26 | DBS=, COM=, CAT=, Churches=0, Gen= | CENTROID placeholder (approx — coordinate is the country centroid, MUST be refined to the real people-group location)"
Zhakawa,15.48673,18.79229,,,0,,0,0,0,2Q26,unreached,Francophone Central Africa,Chad,,,"NG engagement 2Q26 | DBS=, COM=, CAT=, Churches=0, Gen= | CENTROID placeholder (approx — coordinate is the country centroid, MUST be refined to the real people-group location)"
Pygmy,2.24638,26.69976,,,12,3,35,4,8,2Q26,pioneer,Francophone Central Africa,Congo (DRC),Asoa,Christianity,"NG engagement 2Q26 | DBS=35, COM=4, CAT=8, Churches=12, Gen=3 | JP match: Pygmy, Asua (AUTO_JP, JPScale=4, LeastReached=N, %Evang=10.000)"
Pygmy,2.24580,26.69377,,,0,,0,0,0,2Q26,unreached,Francophone Central Africa,Congo (DRC),Asoa,Christianity,"NG engagement 2Q26 | DBS=, COM=, CAT=, Churches=0, Gen= | JP match: Pygmy, Asua (AUTO_JP, JPScale=4, LeastReached=N, %Evang=10.000)"
Pygmy Kalehe,2.24399,26.70592,,,13,3,30,6,7,2Q26,pioneer,Francophone Central Africa,Congo (DRC),Asoa,Christianity,"NG engagement 2Q26 | DBS=30, COM=6, CAT=7, Churches=13, Gen=3 | JP match: Pygmy, Asua (REVIEW_JP, JPScale=4, LeastReached=N, %Evang=10.000)"
Pygmy Kalehe,2.24399,26.70592,,,0,,0,0,0,2Q26,unreached,Francophone Central Africa,Congo (DRC),Asoa,Christianity,"NG engagement 2Q26 | DBS=, COM=, CAT=, Churches=0, Gen= | JP match: Pygmy, Asua (REVIEW_JP, JPScale=4, LeastReached=N, %Evang=10.000)"
Pygmy Kamanyola,2.26512,26.70318,,,13,3,8,7,6,2Q26,pioneer,Francophone Central Africa,Congo (DRC),Asoa,Christianity,"NG engagement 2Q26 | DBS=8, COM=7, CAT=6, Churches=13, Gen=3 | JP match: Pygmy, Asua (REVIEW_JP, JPScale=4, LeastReached=N, %Evang=10.000)"
Pygmy Kamanyola,2.26512,26.70318,,,0,,0,0,0,2Q26,unreached,Francophone Central Africa,Congo (DRC),Asoa,Christianity,"NG engagement 2Q26 | DBS=, COM=, CAT=, Churches=0, Gen= | JP match: Pygmy, Asua (REVIEW_JP, JPScale=4, LeastReached=N, %Evang=10.000)"
Pygmy Misisi,2.26449,26.71893,,,0,,0,0,0,2Q26,unreached,Francophone Central Africa,Congo (DRC),Asoa,Christianity,"NG engagement 2Q26 | DBS=, COM=, CAT=, Churches=0, Gen= | JP match: Pygmy, Asua (REVIEW_JP, JPScale=4, LeastReached=N, %Evang=10.000)"
Pygmy Misisi,2.26449,26.71893,,,0,,0,0,0,2Q26,unreached,Francophone Central Africa,Congo (DRC),Asoa,Christianity,"NG engagement 2Q26 | DBS=, COM=, CAT=, Churches=0, Gen= | JP match: Pygmy, Asua (REVIEW_JP, JPScale=4, LeastReached=N, %Evang=10.000)"
Bakeke North,-1.18656,14.82943,,,1,4,12,1,0,2Q26,pioneer,Francophone Central Africa,Congo,Teke-Tege,Ethnic Religions,"NG engagement 2Q26 | DBS=12, COM=1, CAT=0, Churches=1, Gen=4 | JP match: Teke, Northern (REVIEW_JP, JPScale=4, LeastReached=N, %Evang=6.000)"
Bateke,-0.78032,14.79426,,,0,,0,0,0,2Q26,unreached,Francophone Central Africa,Congo,,,"NG engagement 2Q26 | DBS=, COM=, CAT=, Churches=0, Gen= | CENTROID placeholder (approx — coordinate is the country centroid, MUST be refined to the real people-group location)"
Bateke,-0.78032,14.79426,,,0,,0,0,0,2Q26,unreached,Francophone Central Africa,Congo,,,"NG engagement 2Q26 | DBS=, COM=, CAT=, Churches=0, Gen= | CENTROID placeholder (approx — coordinate is the country centroid, MUST be refined to the real people-group location)"
Pygmes Mbezele,-0.60839,14.97718,,,2,3,6,1,1,2Q26,pioneer,Francophone Central Africa,Congo,,,"NG engagement 2Q26 | DBS=6, COM=1, CAT=1, Churches=2, Gen=3 | CENTROID placeholder (approx — coordinate is the country centroid, MUST be refined to the real people-group location)"
Pygmy,2.02436,16.71711,,,0,,0,0,0,2Q26,unreached,Francophone Central Africa,Congo,Yaka (Central African Republic),Ethnic Religions,"NG engagement 2Q26 | DBS=, COM=, CAT=, Churches=0, Gen= | JP match: Pygmy, Bayaka (AUTO_JP, JPScale=5, LeastReached=N, %Evang=25.000)"
Pygmy Babongo Kibangou,2.00594,16.72416,,,3,4,12,3,0,2Q26,pioneer,Francophone Central Africa,Congo,Yaka (Central African Republic),Ethnic Religions,"NG engagement 2Q26 | DBS=12, COM=3, CAT=0, Churches=3, Gen=4 | JP match: Pygmy, Bayaka (REVIEW_JP, JPScale=5, LeastReached=N, %Evang=25.000)"
Pygmy Babongo Komono,2.03862,16.70819,,,2,3,6,2,0,2Q26,pioneer,Francophone Central Africa,Congo,Yaka (Central African Republic),Ethnic Religions,"NG engagement 2Q26 | DBS=6, COM=2, CAT=0, Churches=2, Gen=3 | JP match: Pygmy, Bayaka (REVIEW_JP, JPScale=5, LeastReached=N, %Evang=25.000)"
Pygmy Bangombe,2.03457,16.73640,,,0,,0,0,0,2Q26,unreached,Francophone Central Africa,Congo,Yaka (Central African Republic),Ethnic Religions,"NG engagement 2Q26 | DBS=, COM=, CAT=, Churches=0, Gen= | JP match: Pygmy, Bayaka (REVIEW_JP, JPScale=5, LeastReached=N, %Evang=25.000)"
Pygmy Betou,2.00517,16.69978,,,0,,0,0,0,2Q26,unreached,Francophone Central Africa,Congo,Yaka (Central African Republic),Ethnic Religions,"NG engagement 2Q26 | DBS=, COM=, CAT=, Churches=0, Gen= | JP match: Pygmy, Bayaka (REVIEW_JP, JPScale=5, LeastReached=N, %Evang=25.000)"
Pygmy Betou,2.00517,16.69978,,,2,5,12,1,1,2Q26,pioneer,Francophone Central Africa,Congo,Yaka (Central African Republic),Ethnic Religions,"NG engagement 2Q26 | DBS=12, COM=1, CAT=1, Churches=2, Gen=5 | JP match: Pygmy, Bayaka (REVIEW_JP, JPScale=5, LeastReached=N, %Evang=25.000)"
Pygmy Birao,2.04364,16.73673,,,1,3,12,1,0,2Q26,pioneer,Francophone Central Africa,Congo,Yaka (Central African Republic),Ethnic Religions,"NG engagement 2Q26 | DBS=12, COM=1, CAT=0, Churches=1, Gen=3 | JP match: Pygmy, Bayaka (REVIEW_JP, JPScale=5, LeastReached=N, %Evang=25.000)"
Pygmy Dongou,2.01460,16.73363,,,2,6,12,2,0,2Q26,pioneer,Francophone Central Africa,Congo,Yaka (Central African Republic),Ethnic Religions,"NG engagement 2Q26 | DBS=12, COM=2, CAT=0, Churches=2, Gen=6 | JP match: Pygmy, Bayaka (REVIEW_JP, JPScale=5, LeastReached=N, %Evang=25.000)"
Pygmy Dongou,2.01460,16.73363,,,0,,0,0,0,2Q26,unreached,Francophone Central Africa,Congo,Yaka (Central African Republic),Ethnic Religions,"NG engagement 2Q26 | DBS=, COM=, CAT=, Churches=0, Gen= | JP match: Pygmy, Bayaka (REVIEW_JP, JPScale=5, LeastReached=N, %Evang=25.000)"
Pygmy Enyele,2.03056,16.71789,,,1,3,6,1,0,2Q26,pioneer,Francophone Central Africa,Congo,Yaka (Central African Republic),Ethnic Religions,"NG engagement 2Q26 | DBS=6, COM=1, CAT=0, Churches=1, Gen=3 | JP match: Pygmy, Bayaka (REVIEW_JP, JPScale=5, LeastReached=N, %Evang=25.000)"
Pygmy Impfondo,2.01585,16.72660,,,2,6,6,2,0,2Q26,pioneer,Francophone Central Africa,Congo,Yaka (Central African Republic),Ethnic Religions,"NG engagement 2Q26 | DBS=6, COM=2, CAT=0, Churches=2, Gen=6 | JP match: Pygmy, Bayaka (REVIEW_JP, JPScale=5, LeastReached=N, %Evang=25.000)"
Pygmy Impfondo,2.01585,16.72660,,,0,,0,0,0,2Q26,unreached,Francophone Central Africa,Congo,Yaka (Central African Republic),Ethnic Religions,"NG engagement 2Q26 | DBS=, COM=, CAT=, Churches=0, Gen= | JP match: Pygmy, Bayaka (REVIEW_JP, JPScale=5, LeastReached=N, %Evang=25.000)"
Pygmy Liranga,2.03677,16.70129,,,2,4,3,1,1,2Q26,pioneer,Francophone Central Africa,Congo,Yaka (Central African Republic),Ethnic Religions,"NG engagement 2Q26 | DBS=3, COM=1, CAT=1, Churches=2, Gen=4 | JP match: Pygmy, Bayaka (REVIEW_JP, JPScale=5, LeastReached=N, %Evang=25.000)"
Pygmy Manzele,2.03546,16.71494,,,2,5,12,2,0,2Q26,pioneer,Francophone Central Africa,Congo,Yaka (Central African Republic),Ethnic Religions,"NG engagement 2Q26 | DBS=12, COM=2, CAT=0, Churches=2, Gen=5 | JP match: Pygmy, Bayaka (REVIEW_JP, JPScale=5, LeastReached=N, %Evang=25.000)"
Pygmy Mbagomba,2.03851,16.73233,,,3,6,12,3,0,2Q26,pioneer,Francophone Central Africa,Congo,Yaka (Central African Republic),Ethnic Religions,"NG engagement 2Q26 | DBS=12, COM=3, CAT=0, Churches=3, Gen=6 | JP match: Pygmy, Bayaka (REVIEW_JP, JPScale=5, LeastReached=N, %Evang=25.000)"
Pygmy Mikanya,2.02935,16.70757,,,1,2,12,1,0,2Q26,pioneer,Francophone Central Africa,Congo,Yaka (Central African Republic),Ethnic Religions,"NG engagement 2Q26 | DBS=12, COM=1, CAT=0, Churches=1, Gen=2 | JP match: Pygmy, Bayaka (REVIEW_JP, JPScale=5, LeastReached=N, %Evang=25.000)"
Pygmy Mokabi,2.02839,16.73103,,,0,,0,0,0,2Q26,unreached,Francophone Central Africa,Congo,Yaka (Central African Republic),Ethnic Religions,"NG engagement 2Q26 | DBS=, COM=, CAT=, Churches=0, Gen= | JP match: Pygmy, Bayaka (REVIEW_JP, JPScale=5, LeastReached=N, %Evang=25.000)"
Pygmy Mouellet,2.03664,16.70719,,,2,3,12,2,0,2Q26,pioneer,Francophone Central Africa,Congo,Yaka (Central African Republic),Ethnic Religions,"NG engagement 2Q26 | DBS=12, COM=2, CAT=0, Churches=2, Gen=3 | JP match: Pygmy, Bayaka (REVIEW_JP, JPScale=5, LeastReached=N, %Evang=25.000)"
Pygmy Ngbala,2.00864,16.71283,,,2,5,6,1,1,2Q26,pioneer,Francophone Central Africa,Congo,Yaka (Central African Republic),Ethnic Religions,"NG engagement 2Q26 | DBS=6, COM=1, CAT=1, Churches=2, Gen=5 | JP match: Pygmy, Bayaka (REVIEW_JP, JPScale=5, LeastReached=N, %Evang=25.000)"
Pygmy Ouesso,2.03188,16.73640,,,0,,0,0,0,2Q26,unreached,Francophone Central Africa,Congo,Yaka (Central African Republic),Ethnic Religions,"NG engagement 2Q26 | DBS=, COM=, CAT=, Churches=0, Gen= | JP match: Pygmy, Bayaka (REVIEW_JP, JPScale=5, LeastReached=N, %Evang=25.000)"
Pygmy Socalib,2.01105,16.70414,,,2,6,6,2,0,2Q26,pioneer,Francophone Central Africa,Congo,Yaka (Central African Republic),Ethnic Religions,"NG engagement 2Q26 | DBS=6, COM=2, CAT=0, Churches=2, Gen=6 | JP match: Pygmy, Bayaka (REVIEW_JP, JPScale=5, LeastReached=N, %Evang=25.000)"
Pygmy Tingama,2.02632,16.72601,,,2,3,6,1,1,2Q26,pioneer,Francophone Central Africa,Congo,Yaka (Central African Republic),Ethnic Religions,"NG engagement 2Q26 | DBS=6, COM=1, CAT=1, Churches=2, Gen=3 | JP match: Pygmy, Bayaka (REVIEW_JP, JPScale=5, LeastReached=N, %Evang=25.000)"
Pygmy Zanga,2.01309,16.70013,,,3,4,6,3,0,2Q26,pioneer,Francophone Central Africa,Congo,Yaka (Central African Republic),Ethnic Religions,"NG engagement 2Q26 | DBS=6, COM=3, CAT=0, Churches=3, Gen=4 | JP match: Pygmy, Bayaka (REVIEW_JP, JPScale=5, LeastReached=N, %Evang=25.000)"
Urban Muslim,-0.65709,14.79749,,,1,2,1,1,0,2Q26,pioneer,Francophone Central Africa,Congo,,,"NG engagement 2Q26 | DBS=1, COM=1, CAT=0, Churches=1, Gen=2 | CENTROID placeholder (approx — coordinate is the country centroid, MUST be refined to the real people-group location)"
Ebebiyin,1.68829,10.38587,,,20,5,22,18,2,2Q26,pioneer,Francophone Central Africa,Equatorial Guinea,,,"NG engagement 2Q26 | DBS=22, COM=18, CAT=2, Churches=20, Gen=5 | CENTROID placeholder (approx — coordinate is the country centroid, MUST be refined to the real people-group location)"
Fang Kio Sy,1.67774,10.18163,,,14,8,14,10,4,2Q26,pioneer,Francophone Central Africa,Equatorial Guinea,,,"NG engagement 2Q26 | DBS=14, COM=10, CAT=4, Churches=14, Gen=8 | CENTROID placeholder (approx — coordinate is the country centroid, MUST be refined to the real people-group location)"
Niefang,1.62634,10.26384,,,33,5,39,27,6,2Q26,pioneer,Francophone Central Africa,Equatorial Guinea,,,"NG engagement 2Q26 | DBS=39, COM=27, CAT=6, Churches=33, Gen=5 | CENTROID placeholder (approx — coordinate is the country centroid, MUST be refined to the real people-group location)"
Fang,1.61921,11.84674,,,0,,0,0,0,2Q26,unreached,Francophone Central Africa,Gabon,Fang (Equatorial Guinea),Christianity,"NG engagement 2Q26 | DBS=, COM=, CAT=, Churches=0, Gen= | JP match: Fang (AUTO_JP, JPScale=5, LeastReached=N, %Evang=11.000)"
Hausa,2.07256,11.50530,,,8,5,20,5,3,2Q26,pioneer,Francophone Central Africa,Gabon,Hausa,Islam,"NG engagement 2Q26 | DBS=20, COM=5, CAT=3, Churches=8, Gen=5 | JP match: Hausa (AUTO_JP, JPScale=1, LeastReached=Y, %Evang=0.100)"
Lumbu,-3.04925,10.69828,,,4,7,5,2,2,2Q26,pioneer,Francophone Central Africa,Gabon,Lumbu,Christianity,"NG engagement 2Q26 | DBS=5, COM=2, CAT=2, Churches=4, Gen=7 | JP match: Lumbu (AUTO_JP, JPScale=4, LeastReached=N, %Evang=5.000)"
Pygmy,2.19892,12.82699,,,5,3,6,3,2,2Q26,pioneer,Francophone Central Africa,Gabon,Baka (Cameroon),Ethnic Religions,"NG engagement 2Q26 | DBS=6, COM=3, CAT=2, Churches=5, Gen=3 | JP match: Pygmy, Baka (AUTO_JP, JPScale=2, LeastReached=N, %Evang=1.000)"
Pygmy Franceville,2.20970,12.84151,,,4,4,7,2,2,2Q26,pioneer,Francophone Central Africa,Gabon,Baka (Cameroon),Ethnic Religions,"NG engagement 2Q26 | DBS=7, COM=2, CAT=2, Churches=4, Gen=4 | JP match: Pygmy, Baka (REVIEW_JP, JPScale=2, LeastReached=N, %Evang=1.000)"
Pygmy Koulamoutou,2.19647,12.82640,,,4,3,4,2,2,2Q26,pioneer,Francophone Central Africa,Gabon,Baka (Cameroon),Ethnic Religions,"NG engagement 2Q26 | DBS=4, COM=2, CAT=2, Churches=4, Gen=3 | JP match: Pygmy, Baka (REVIEW_JP, JPScale=2, LeastReached=N, %Evang=1.000)"
Pygmy Lambarene,2.20981,12.81579,,,4,4,8,2,2,2Q26,pioneer,Francophone Central Africa,Gabon,Baka (Cameroon),Ethnic Religions,"NG engagement 2Q26 | DBS=8, COM=2, CAT=2, Churches=4, Gen=4 | JP match: Pygmy, Baka (REVIEW_JP, JPScale=2, LeastReached=N, %Evang=1.000)"
Simba,-1.28107,11.17825,,,3,4,4,2,1,2Q26,pioneer,Francophone Central Africa,Gabon,,,"NG engagement 2Q26 | DBS=4, COM=2, CAT=1, Churches=3, Gen=4 | CPPI match: Simba (CPPI exact) — coords from CPPI"
Urban,-0.89116,11.59577,,,7,6,15,4,3,2Q26,pioneer,Francophone Central Africa,Gabon,,,"NG engagement 2Q26 | DBS=15, COM=4, CAT=3, Churches=7, Gen=6 | CENTROID placeholder (approx — coordinate is the country centroid, MUST be refined to the real people-group location)"
Pygmy Bipindi,2.13272,14.72309,,,5,1,9,0,5,2Q26,pioneer,Francophone Central Africa,Cameroon,Baka (Cameroon),Ethnic Religions,"NG engagement 2Q26 | DBS=9, COM=0, CAT=5, Churches=5, Gen=1 | JP match: Pygmy, Baka (REVIEW_JP, JPScale=2, LeastReached=N, %Evang=1.100)"
pygmy lolodorf,2.10938,14.72370,,,4,1,5,0,4,2Q26,pioneer,Francophone Central Africa,Cameroon,Baka (Cameroon),Ethnic Religions,"NG engagement 2Q26 | DBS=5, COM=0, CAT=4, Churches=4, Gen=1 | JP match: Pygmy, Baka (REVIEW_JP, JPScale=2, LeastReached=N, %Evang=1.100)"
Pygmy kribi,2.13910,14.72063,,,6,1,6,0,6,2Q26,pioneer,Francophone Central Africa,Cameroon,Baka (Cameroon),Ethnic Religions,"NG engagement 2Q26 | DBS=6, COM=0, CAT=6, Churches=6, Gen=1 | JP match: Pygmy, Baka (REVIEW_JP, JPScale=2, LeastReached=N, %Evang=1.100)"
Bambili,6.0043318,10.2573289,Bambili,,2,1,1,1,1,2Q26,pioneer,Francophone Central Africa,Cameroon,Bambili-Bambui,Christianity,"NG engagement 2Q26 | DBS=1, COM=1, CAT=1, Churches=2, Gen=1 | JP match: Bambili (AUTO_JP, JPScale=4, LeastReached=N, %Evang=3.000)"
Daba/Gavale,5.60859,12.74437,,,1,1,6,1,0,2Q26,pioneer,Francophone Central Africa,Cameroon,,,"NG engagement 2Q26 | DBS=6, COM=1, CAT=0, Churches=1, Gen=1 | CENTROID placeholder (approx — coordinate is the country centroid, MUST be refined to the real people-group location)"
Demzek,7.86022,13.59145,Mbe,,3,2,2,2,1,2Q26,pioneer,Francophone Central Africa,Cameroon,,,"NG engagement 2Q26 | DBS=2, COM=2, CAT=1, Churches=3, Gen=2 | CENTROID placeholder (approx — coordinate is the country centroid, MUST be refined to the real people-group location)"
Guemzek,7.86022,13.59145,Mbe,,1,2,0,1,0,2Q26,pioneer,Francophone Central Africa,Cameroon,,,"NG engagement 2Q26 | DBS=0, COM=1, CAT=0, Churches=1, Gen=2 | CENTROID placeholder (approx — coordinate is the country centroid, MUST be refined to the real people-group location)"
Guka,5.67774,12.67338,,,1,1,1,1,0,2Q26,pioneer,Francophone Central Africa,Cameroon,,,"NG engagement 2Q26 | DBS=1, COM=1, CAT=0, Churches=1, Gen=1 | CENTROID placeholder (approx — coordinate is the country centroid, MUST be refined to the real people-group location)"
Guzanga,5.58257,12.70885,,,1,1,15,1,0,2Q26,pioneer,Francophone Central Africa,Cameroon,,,"NG engagement 2Q26 | DBS=15, COM=1, CAT=0, Churches=1, Gen=1 | CENTROID placeholder (approx — coordinate is the country centroid, MUST be refined to the real people-group location)"
Gum,6.0845587,10.6382708,Jakiri,,1,1,1,1,0,2Q26,pioneer,Francophone Central Africa,Cameroon,,,"NG engagement 2Q26 | DBS=1, COM=1, CAT=0, Churches=1, Gen=1 | CENTROID placeholder (approx — coordinate is the country centroid, MUST be refined to the real people-group location)"
Menteh1,5.82490,12.84090,,,1,1,1,1,0,2Q26,pioneer,Francophone Central Africa,Cameroon,,,"NG engagement 2Q26 | DBS=1, COM=1, CAT=0, Churches=1, Gen=1 | CENTROID placeholder (approx — coordinate is the country centroid, MUST be refined to the real people-group location)"
Menteh2,5.62747,12.70303,,,1,1,1,1,0,2Q26,pioneer,Francophone Central Africa,Cameroon,,,"NG engagement 2Q26 | DBS=1, COM=1, CAT=0, Churches=1, Gen=1 | CENTROID placeholder (approx — coordinate is the country centroid, MUST be refined to the real people-group location)"
Namoh,5.65980,12.83595,,,1,1,1,1,0,2Q26,pioneer,Francophone Central Africa,Cameroon,,,"NG engagement 2Q26 | DBS=1, COM=1, CAT=0, Churches=1, Gen=1 | CENTROID placeholder (approx — coordinate is the country centroid, MUST be refined to the real people-group location)"
Ntamuche,5.975,10.13,Ntamuchie,,1,1,1,1,0,2Q26,pioneer,Francophone Central Africa,Cameroon,,,"NG engagement 2Q26 | DBS=1, COM=1, CAT=0, Churches=1, Gen=1 | CENTROID placeholder (approx — coordinate is the country centroid, MUST be refined to the real people-group location)"
Vekovi,6.1,10.567,Vekovi,,1,1,1,1,0,2Q26,pioneer,Francophone Central Africa,Cameroon,,,"NG engagement 2Q26 | DBS=1, COM=1, CAT=0, Churches=1, Gen=1 | CENTROID placeholder (approx — coordinate is the country centroid, MUST be refined to the real people-group location)"
NGOMBE,2.10499,20.92189,,,1,1,3,0,1,2Q26,pioneer,Francophone Central Africa,Congo (DRC),Ngombe (Democratic Republic of the Congo),Christianity,"NG engagement 2Q26 | DBS=3, COM=0, CAT=1, Churches=1, Gen=1 | JP match: Ngombe (AUTO_JP, JPScale=5, LeastReached=N, %Evang=25.000)"
NGBAKA-MINAGENDE,-2.84278,23.71115,,,1,2,2,1,0,2Q26,pioneer,Francophone Central Africa,Congo (DRC),,,"NG engagement 2Q26 | DBS=2, COM=1, CAT=0, Churches=1, Gen=2 | CENTROID placeholder (approx — coordinate is the country centroid, MUST be refined to the real people-group location)"
BOBA,2.41659,18.79021,,,1,1,2,0,1,2Q26,pioneer,Francophone Central Africa,Congo (DRC),Bomboma,Christianity,"NG engagement 2Q26 | DBS=2, COM=0, CAT=1, Churches=1, Gen=1 | JP match: Boba, Likaw (AUTO_JP, JPScale=5, LeastReached=N, %Evang=16.000)"
NGBANDI,3.81697,21.83952,,,1,2,3,1,0,2Q26,pioneer,Francophone Central Africa,Congo (DRC),"Ngbandi, Northern",Christianity,"NG engagement 2Q26 | DBS=3, COM=1, CAT=0, Churches=1, Gen=2 | JP match: Ngbandi (AUTO_JP, JPScale=5, LeastReached=N, %Evang=21.000)"
Mbomo,1.64317,10.32317,,,17,2,26,14,3,2Q26,pioneer,Francophone Central Africa,Equatorial Guinea,,,"NG engagement 2Q26 | DBS=26, COM=14, CAT=3, Churches=17, Gen=2 | CENTROID placeholder (approx — coordinate is the country centroid, MUST be refined to the real people-group location)"
Mbula,1.75092,10.13342,,,11,2,11,9,2,2Q26,pioneer,Francophone Central Africa,Equatorial Guinea,,,"NG engagement 2Q26 | DBS=11, COM=9, CAT=2, Churches=11, Gen=2 | CENTROID placeholder (approx — coordinate is the country centroid, MUST be refined to the real people-group location)"
Oyola,1.67695,10.19402,,,13,2,16,9,4,2Q26,pioneer,Francophone Central Africa,Equatorial Guinea,,,"NG engagement 2Q26 | DBS=16, COM=9, CAT=4, Churches=13, Gen=2 | CENTROID placeholder (approx — coordinate is the country centroid, MUST be refined to the real people-group location)"
Evinayong,1.53694,10.16837,,,26,3,36,24,2,2Q26,pioneer,Francophone Central Africa,Equatorial Guinea,,,"NG engagement 2Q26 | DBS=36, COM=24, CAT=2, Churches=26, Gen=3 | CENTROID placeholder (approx — coordinate is the country centroid, MUST be refined to the real people-group location)"
Ngbaka Mandja Sakayaka,6.64008,20.86466,,,14,1,24,9,5,2Q26,pioneer,Francophone Central Africa,Central African Republic,,,"NG engagement 2Q26 | DBS=24, COM=9, CAT=5, Churches=14, Gen=1 | CENTROID placeholder (approx — coordinate is the country centroid, MUST be refined to the real people-group location)"
Ngbaka Mandja Ndara,5.37786,18.40167,,,13,1,26,8,5,2Q26,pioneer,Francophone Central Africa,Central African Republic,Ngbaka Manza,Christianity,"NG engagement 2Q26 | DBS=26, COM=8, CAT=5, Churches=13, Gen=1 | JP match: Ngbaka Manza (REVIEW_JP, JPScale=5, LeastReached=N, %Evang=34.000)"
Ngbaka Ombella Urbain,6.50302,20.79017,,,19,2,9,9,10,2Q26,pioneer,Francophone Central Africa,Central African Republic,,,"NG engagement 2Q26 | DBS=9, COM=9, CAT=10, Churches=19, Gen=2 | CENTROID placeholder (approx — coordinate is the country centroid, MUST be refined to the real people-group location)"
RITO,6.68056,20.96998,,,3,1,4,3,0,2Q26,pioneer,Francophone Central Africa,Central African Republic,,,"NG engagement 2Q26 | DBS=4, COM=3, CAT=0, Churches=3, Gen=1 | CENTROID placeholder (approx — coordinate is the country centroid, MUST be refined to the real people-group location)"
Kaba Na'a,7.46960,16.69387,,,1,1,3,1,0,2Q26,pioneer,Francophone Central Africa,Central African Republic,Kabba,Ethnic Religions,"NG engagement 2Q26 | DBS=3, COM=1, CAT=0, Churches=1, Gen=1 | JP match: Kabba (REVIEW_JP, JPScale=5, LeastReached=N, %Evang=17.000)"
kaba Ndem,7.45095,16.70950,,,1,1,3,1,0,2Q26,pioneer,Francophone Central Africa,Central African Republic,Kabba,Ethnic Religions,"NG engagement 2Q26 | DBS=3, COM=1, CAT=0, Churches=1, Gen=1 | JP match: Kabba (REVIEW_JP, JPScale=5, LeastReached=N, %Evang=17.000)"
Ngama,7.88575,18.52539,,,3,1,5,2,1,2Q26,pioneer,Francophone Central Africa,Central African Republic,Ngam,Christianity,"NG engagement 2Q26 | DBS=5, COM=2, CAT=1, Churches=3, Gen=1 | JP match: Ngam (AUTO_JP, JPScale=5, LeastReached=N, %Evang=15.000)"
Youlou,6.63958,20.87815,,,2,1,4,1,1,2Q26,pioneer,Francophone Central Africa,Central African Republic,,,"NG engagement 2Q26 | DBS=4, COM=1, CAT=1, Churches=2, Gen=1 | CENTROID placeholder (approx — coordinate is the country centroid, MUST be refined to the real people-group location)"
Luthos,8.21411,18.86270,,,1,1,5,1,0,2Q26,pioneer,Francophone Central Africa,Central African Republic,Luto,Ethnic Religions,"NG engagement 2Q26 | DBS=5, COM=1, CAT=0, Churches=1, Gen=1 | JP match: Lutos (REVIEW_JP, JPScale=5, LeastReached=N, %Evang=13.000)"
Fulani Eastern,6.45655,19.67989,,,3,2,7,2,1,2Q26,pioneer,Francophone Central Africa,Central African Republic,"Fulfulde, Bagirmi",Islam,"NG engagement 2Q26 | DBS=7, COM=2, CAT=1, Churches=3, Gen=2 | JP match: Fulani, Bagirmi (REVIEW_JP, JPScale=1, LeastReached=Y, %Evang=0.030)"
