Date;Report period;Region;Country;NG_Engagment_Name;People_Group;DBS;COM;CAT;TOTAL;Max GEN;Avg church size;# New Disciples;# New Baptisms;LEADERS IN TRAINING;ACTIVE TRAINERS/COACHES;# OF TRAININGS HELD IN QUARTER;LOST CHS;MERGED CHS;NOTES
;2Q26;;Cameroun;Adjaraye Kenga;Adjaraye Kenga;;;;0;;;;;;;;;;
;2Q26;;Cameroun;Akom;Akom;;;;0;;;;;;;;;;
;2Q26;;Cameroun;Arabs;Arabs;1;0;0;0;1;;1;0;3;2;;0;0;
;2Q26;;Cameroun;Bafut;Bafut;;;;0;;;;;;;;;;
;2Q26;;Cameroun;Bamonga;Bamonga;;;;0;;;;;;;;;;
;2Q26;;Cameroun;Bana;Bana;27;5;15;20;4;6,35;127;4;9;10;;3;0;
;2Q26;;Cameroun;Bana Guili;Bana;25;8;5;13;6;6,307692308;82;0;8;5;;0;0;
;2Q26;;Cameroun;Bana Waza;Bana;4;1;3;4;6;6,5;26;0;3;3;;3;3;
;2Q26;;Cameroun;Bangolang;Bangolang;;;;0;;;;;;;;;;
;2Q26;;Cameroun;Batibo;Wedikom;2;1;1;2;2;13;26;5;4;9;;;;
;2Q26;;Cameroun;Deaf;Deaf;0;1;0;1;1;4;4;0;0;0;;0;0;
;2Q26;;Cameroun;Dii;Dii;3;3;2;5;2;2,8;14;0;5;3;;0;0;
;2Q26;;Cameroun;Dii/Mboum and Baya;Dii/Mboum and Baya;;;;0;;;;;;;;;;
;2Q26;;Cameroun;Fang;Fang;;;;0;;;;;;;;;;
;2Q26;;Cameroun;Fulani Maroua;Fulani;4;6;2;8;2;1,375;11;4;5;5;;0;0;
;2Q26;;Cameroun;Gbaya;Gbaya;2;1;3;4;2;2;8;0;3;1;;0;0;
;2Q26;;Cameroun;Gor;Gor;;;;0;;;;;;;;;;
;2Q26;;Cameroun;Guiziga;Guiziga;21;6;5;11;2;29,54545455;325;29;8;6;;1;0;
;2Q26;;Cameroun;Kanuri Mora;Kanuri;3;3;0;3;;1,333333333;4;5;3;4;;0;0;
;2Q26;;Cameroun;Kapsiki;Kapsiki;2;2;1;3;3;1;3;3;1;2;;0;0;
;2Q26;;Cameroun;Kapsiki Amsa;Kapsiki;14;1;2;3;3;17;51;0;1;1;;0;0;
;2Q26;;Cameroun;Kotoko;Kotoko;2;1;0;1;2;2;2;0;1;0;;0;0;
;2Q26;;Cameroun;Kwandja;Kwandja;7;3;1;4;2;2,5;10;7;0;3;;0;0;
;2Q26;;Cameroun;Lagdo;Toupouri;;;;0;;;;;;;;;;
;2Q26;;Cameroun;Mada/Aissa-Harde;Mada;5;8;1;9;2;5;45;0;6;5;;0;0;
;2Q26;;Cameroun;Mafa;Mafa;21;21;6;27;2;7,148148148;193;0;21;15;;0;0;
;2Q26;;Cameroun;Mandara Mora;Mandara;1;3;0;3;2;1;3;0;1;2;;1;0;
;2Q26;;Cameroun;Massa;Massa;32;6;9;15;2;7,466666667;112;7;9;6;;0;0;
;2Q26;;Cameroun;Matal;Matal;1;1;0;1;2;6;6;0;0;2;;0;0;
;2Q26;;Cameroun;Mbororo (Fulani);Fulani;2;1;2;3;2;2,666666667;8;0;2;2;;0;0;
;2Q26;;Cameroun;Mboum;Mboum;23;22;10;32;2;2,03125;65;40;43;23;;0;0;
;2Q26;;Cameroun;Menka;Menka;;;;0;;;;;;;;;;
;2Q26;;Cameroun;Mofou;Mofou;;;;0;;;;;;;;;;
;2Q26;;Cameroun;Moudang;Moudang;34;10;6;16;2;22,6875;363;17;9;6;;0;0;
;2Q26;;Cameroun;Moura;Moura;5;3;1;4;2;9;36;0;0;1;;1;1;
;2Q26;;Cameroun;Mouyang;Mouyang;6;3;0;3;2;7;21;6;6;4;;3;0;
;2Q26;;Cameroun;Mufu;Mufu;11;5;3;8;2;5,125;41;0;9;6;;0;0;
;2Q26;;Cameroun;Mun;Mun;12;4;1;5;2;3;15;1;5;6;;0;0;
;2Q26;;Cameroun;Musgum;Musgum;16;3;2;5;2;4,8;24;12;1;10;;0;0;
;2Q26;;Cameroun;Nanga/Bibe;Nanga/Bibe;;;;0;;;;;;;;;;
;2Q26;;Cameroun;Ndop;Ndop;7;2;5;7;1;4,571428571;32;72;19;16;;0;0;
;2Q26;;Cameroun;Ngambai;Ngambai;8;3;3;6;2;12,16666667;73;41;5;4;;0;0;
;2Q26;;Cameroun;Njong;Njong;;;;0;;;;;;;;;;
;2Q26;;Cameroun;Pere;Pere;2;2;0;2;2;4;8;0;1;1;;0;0;
;2Q26;;Cameroun;Peuls;Fulani;1;2;0;2;1;7,5;15;0;0;4;;0;0;
;2Q26;;Cameroun;Pygmy;Pygmy Baka;;;;0;;;;;;;;;;
;2Q26;;Cameroun;Pygmy Bang;Pygmy Baka;7;1;7;8;6;25,5;204;60;12;1;;3;3;
;2Q26;;Cameroun;Pygmy Bertoua;Pygmy Baka;7;0;5;5;8;42,2;211;0;24;1;;3;1;
;2Q26;;Cameroun;Pygmy Diako;Pygmy Baka;10;0;7;7;9;30,57142857;214;76;16;1;;4;2;
;2Q26;;Cameroun;Pygmy Mabele;Pygmy Baka;9;2;7;9;9;29;261;98;13;1;;3;2;
;2Q26;;Cameroun;Pygmy Mouloundou;Pygmy Baka;11;0;4;4;9;44,5;178;27;12;1;;3;4;
;2Q26;;Cameroun;Pygmy Ndelele;Pygmy Baka;;;;0;;;;;;;;;;
;2Q26;;Cameroun;Pygmy Salaboumbð;Pygmy Baka;;;;0;;;;;;;;;;
;2Q26;;Cameroun;Pygmy Salaboumbe;Pygmy Baka;7;0;9;9;9;22,88888889;206;89;18;1;;4;1;
;2Q26;;Cameroun;Pygmy Yokadouma;Pygmy Baka;9;2;6;8;6;24,625;197;43;9;1;;2;3;
;2Q26;;Cameroun;Ruto;Ruto;;;;0;;;;;;;;;;
;2Q26;;Cameroun;Sara;Sara;4;2;1;3;2;2,666666667;8;4;1;1;;0;0;
;2Q26;;Cameroun;Street boys;Pidgin;;;;0;;;;;;;;;;
;2Q26;;Cameroun;Tchollire;Dii;;;;0;;;;;;;;;;
;2Q26;;Cameroun;Toupouri;Toupouri;5;5;1;6;2;3,333333333;20;0;0;2;;0;0;
;2Q26;;Cameroun;Urban Bamenda;Pidgin;;;;0;;;;;;;;;;
;2Q26;;Cameroun;Urban Youth;Pidgin;;;;0;;;;;;;;;;
;2Q26;;Cameroun;Wainamah;Wainamah;3;2;0;2;1;1,5;3;0;2;4;;0;0;
;2Q26;;Cameroun;Wedikom;Wedikom;5;1;1;2;1;24;48;0;1;1;;0;0;
;2Q26;;Cameroun;Zoulgo;Zoulgo;3;1;1;2;2;7,5;15;0;1;1;;0;0;
;2Q26;;Cameroun;Pygmy Bipindi;Pygmy Bakola;9;0;5;5;1;37,8;189;0;3;1;;0;1;
;2Q26;;Cameroun;pygmy lolodorf;Pygmy Bakola;5;0;4;4;1;35,5;142;0;3;1;;0;2;
;2Q26;;Cameroun;Pygmy kribi;Pygmy Bakola;6;0;6;6;1;31,16666667;187;0;4;1;;0;2;
;2Q26;;Cameroun;Bambili;Bambili;1;1;1;2;1;1;2;0;1;1;;0;0;
;2Q26;;Cameroun;Daba/Gavale;Daba;6;1;0;1;1;38;38;0;2;1;;0;0;
;2Q26;;Cameroun;Demzek;Demzek ;2;2;1;3;2;5,333333333;16;0;0;1;;0;0;
;2Q26;;Cameroun;Guemzek;Guemzek;0;1;0;1;2;0;0;0;1;3;;0;0;
;2Q26;;Cameroun;Guka;Guka;1;1;0;1;1;10;10;0;1;1;;0;0;
;2Q26;;Cameroun;Guzanga;Guzanga;15;1;0;1;1;140;140;26;12;12;;0;0;
;2Q26;;Cameroun;Gum;Gum;1;1;0;1;1;2;2;0;2;2;;0;0;
;2Q26;;Cameroun;Menteh1;Pidgin;1;1;0;1;1;2;2;0;1;1;;0;0;
;2Q26;;Cameroun;Menteh2;Pidgin;1;1;0;1;1;2;2;0;1;1;;0;0;
;2Q26;;Cameroun;Namoh;Pidgin;1;1;0;1;1;2;2;0;1;1;;0;0;
;2Q26;;Cameroun;Ntamuche;Pidgin;1;1;0;1;1;3;3;0;2;2;;0;0;
;2Q26;;Cameroun;Vekovi;Pidgin;1;1;0;1;1;2;2;;1;1;;0;0;
